{
  "dunnIndex" : [ 0.5275799414496853, 0.5222879255648787, 0.47808441138282587 ],
  "averageIndex" : [ 1.0245650494801521, 1.0422401187639156, 0.9202859221577675 ],
  "averageTotalIndex" : 0.9956970301339452,
  "randIndex" : 1.0,
  "wcss" : 312.01102865421524,
  "clusters" : 3,
  "bcss" : 99.3018432097349,
  "CHIndex" : 47.10305548631196,
  "DBIndex" : 1.0375502050080991,
  "averageSilhouette" : 0.17924772219730636,
  "elapsedTime" : 10035
}