{
  "dunnIndex" : [ 0.44097756223760876, 0.43054607069933615, 0.3817731795539229, 0.5157392256603598, 0.47105771281578895, 0.44099155869469975, 0.5663618583383975 ],
  "averageIndex" : [ 0.9092357739496271, 0.7796071680317834, 0.7660895575475429, 0.8083584088903282, 0.6765662782918554, 0.6769246451592733, 0.842479894462284 ],
  "averageTotalIndex" : 0.779894532333242,
  "randIndex" : 1.0,
  "wcss" : 197.15862324100772,
  "clusters" : 7,
  "bcss" : 214.15419981372537,
  "CHIndex" : 52.86185755548304,
  "DBIndex" : 0.7479210988159536,
  "averageSilhouette" : 0.36980402530940054,
  "elapsedTime" : 4761
}