{
  "dunnIndex" : [ 0.6287305685392149, 0.4049717872835754 ],
  "averageIndex" : [ 1.0899920059420403, 0.9308859766286535 ],
  "averageTotalIndex" : 1.010438991285347,
  "randIndex" : 1.0,
  "wcss" : 329.89374124375263,
  "clusters" : 2,
  "bcss" : 81.41907498071066,
  "CHIndex" : 73.30077005433033,
  "DBIndex" : 0.9040554236295917,
  "averageSilhouette" : 0.2015018869789112,
  "elapsedTime" : 4659
}