{
  "dunnIndex" : [ 0.5275799414496853, 0.5336116968009578, 0.44551096195849105, 0.47808441138282587 ],
  "averageIndex" : [ 1.0245650494801521, 0.9021806256290656, 0.9133541550259429, 0.9202859221577675 ],
  "averageTotalIndex" : 0.9400964380732317,
  "randIndex" : 1.0,
  "wcss" : 275.0404142306625,
  "clusters" : 4,
  "bcss" : 136.2724309295008,
  "CHIndex" : 48.720557712279465,
  "DBIndex" : 0.9170652222393325,
  "averageSilhouette" : 0.23060571594691975,
  "elapsedTime" : 10137
}