{
  "dunnIndex" : [ 0.41968772651579467, 0.19766689552853203, 0.46817682527369875, 0.5019376290327032, 0.6002515552652753, 0.47105771281578895, 0.44099155869469975, 0.5008133590016112, 0.44272480583748186 ],
  "averageIndex" : [ 0.6517070580593965, 0.4499145235323586, 0.7425858966492954, 0.8094048431079812, 0.6760496106490984, 0.6765662782918554, 0.6769246451592733, 0.8796511488106178, 0.8722193599058607 ],
  "averageTotalIndex" : 0.7150025960184153,
  "randIndex" : 1.0,
  "wcss" : 169.44989927097689,
  "clusters" : 9,
  "bcss" : 241.862962243215,
  "CHIndex" : 51.74114838094938,
  "DBIndex" : 0.7036479936409169,
  "averageSilhouette" : 0.4191253506303235,
  "elapsedTime" : 5632
}